{
  "C18": {
    "classes": [
      0,
      1,
      2
    ],
    "n_tr_invalid": 88,
    "n_te_invalid": 2573,
    "tr_prev": [
      0.9891158232513768,
      0.005160227223450848,
      0.005723949525172369
    ],
    "te_prev": [
      0.9883740939935174,
      0.005068756324708614,
      0.006557149681774052
    ],
    "tr_counts": [
      22810,
      119,
      132
    ],
    "te_counts": [
      769639,
      3947,
      5106
    ]
  },
  "C31": {
    "classes": [
      0,
      1,
      2
    ],
    "n_tr_invalid": 16,
    "n_te_invalid": 606,
    "tr_prev": [
      0.990489776509748,
      0.007781091946569835,
      0.0017291315436821857
    ],
    "te_prev": [
      0.9911638756486507,
      0.007514164315021027,
      0.0013219600363282816
    ],
    "tr_counts": [
      22913,
      180,
      40
    ],
    "te_counts": [
      773761,
      5866,
      1032
    ]
  },
  "E51": {
    "classes": [
      0,
      1,
      2
    ],
    "n_tr_invalid": 15,
    "n_te_invalid": 571,
    "tr_prev": [
      0.9810236016253134,
      0.016728624535315983,
      0.002247773839370623
    ],
    "te_prev": [
      0.9822209470035635,
      0.014975137505860171,
      0.002803915490576333
    ],
    "tr_counts": [
      22695,
      387,
      52
    ],
    "te_counts": [
      766814,
      11691,
      2189
    ]
  },
  "M14": {
    "classes": [
      0,
      1,
      2
    ],
    "n_tr_invalid": 17,
    "n_te_invalid": 644,
    "tr_prev": [
      0.9618277710530866,
      0.012709666263185197,
      0.02546256268372817
    ],
    "te_prev": [
      0.9589660027081004,
      0.014406478944327656,
      0.026627518347572
    ],
    "tr_counts": [
      22249,
      294,
      589
    ],
    "te_counts": [
      748589,
      11246,
      20786
    ]
  },
  "C17": {
    "classes": [
      0,
      1,
      2,
      3
    ],
    "n_tr_invalid": 30,
    "n_te_invalid": 883,
    "tr_prev": [
      0.9751719365024438,
      0.011073143302045936,
      0.0032008304857476535,
      0.010554089709762533
    ],
    "te_prev": [
      0.9765499460520617,
      0.01328580105640571,
      0.0031228295885861027,
      0.007041423302946505
    ],
    "tr_counts": [
      22545,
      256,
      74,
      244
    ],
    "te_counts": [
      762082,
      10368,
      2437,
      5495
    ]
  },
  "C2": {
    "classes": [
      0,
      1,
      2,
      3
    ],
    "n_tr_invalid": 226,
    "n_te_invalid": 6318,
    "tr_prev": [
      0.9590803995986563,
      0.007808751036077303,
      0.002137591065741831,
      0.030973258299524496
    ],
    "te_prev": [
      0.9576203275836929,
      0.006950152720121505,
      0.0026311476784864,
      0.03279837201769927
    ],
    "tr_counts": [
      21985,
      179,
      49,
      710
    ],
    "te_counts": [
      742105,
      5386,
      2039,
      25417
    ]
  },
  "C3": {
    "classes": [
      0,
      1,
      2,
      3
    ],
    "n_tr_invalid": 63,
    "n_te_invalid": 2298,
    "tr_prev": [
      0.9768257818591354,
      0.0012561725721216322,
      0.01801957896560686,
      0.0038984666031361
    ],
    "te_prev": [
      0.975539400257007,
      0.0019269108960970106,
      0.017696513459491865,
      0.004837175387404088
    ],
    "tr_counts": [
      22551,
      29,
      416,
      90
    ],
    "te_counts": [
      759913,
      1501,
      13785,
      3768
    ]
  },
  "E1": {
    "classes": [
      0,
      1,
      2,
      3
    ],
    "n_tr_invalid": 105,
    "n_te_invalid": 3468,
    "tr_prev": [
      0.9660649192848464,
      0.026167332060406178,
      0.005597986460683909,
      0.0021697621940635304
    ],
    "te_prev": [
      0.9613420982595716,
      0.030343392941860153,
      0.006178990147814918,
      0.0021355186507533456
    ],
    "tr_counts": [
      22262,
      603,
      129,
      50
    ],
    "te_counts": [
      747729,
      23601,
      4806,
      1661
    ]
  },
  "M1": {
    "classes": [
      0,
      1,
      2,
      3
    ],
    "n_tr_invalid": 234,
    "n_te_invalid": 7852,
    "tr_prev": [
      0.805891337551822,
      0.02496181540475671,
      0.06070259655247654,
      0.10844425049094479
    ],
    "te_prev": [
      0.8116969846640799,
      0.025264638685928476,
      0.05795221957737975,
      0.10508615707261192
    ],
    "tr_counts": [
      18467,
      572,
      1391,
      2485
    ],
    "te_counts": [
      627777,
      19540,
      44821,
      81275
    ]
  },
  "Root": {
    "classes": [
      0,
      1,
      2,
      3
    ],
    "n_tr_invalid": 3343,
    "n_te_invalid": 116000,
    "tr_prev": [
      0.4246188023831162,
      0.08532767848126831,
      0.25037867312935475,
      0.23967484600626074
    ],
    "te_prev": [
      0.43772331326614206,
      0.07967501672265939,
      0.23776389859679978,
      0.24483777141439877
    ],
    "tr_counts": [
      8410,
      1690,
      4959,
      4747
    ],
    "te_counts": [
      291202,
      53005,
      158176,
      162882
    ]
  },
  "C1": {
    "classes": [
      0,
      1,
      2,
      3,
      4,
      5,
      6,
      7
    ],
    "n_tr_invalid": 900,
    "n_te_invalid": 35614,
    "tr_prev": [
      0.6995370578452964,
      0.010876893343521057,
      0.03092273810058879,
      0.002112454492336734,
      0.1743449143781743,
      0.0006741876039372556,
      0.0364061306126118,
      0.045125623623533645
    ],
    "te_prev": [
      0.6902196872263298,
      0.00960905302882984,
      0.03470658525234996,
      0.0026285755668536623,
      0.1815487406306704,
      0.0008247826395994909,
      0.03565609112037669,
      0.04480648453499023
    ],
    "tr_counts": [
      15564,
      242,
      688,
      47,
      3879,
      15,
      810,
      1004
    ],
    "te_counts": [
      514663,
      7165,
      25879,
      1960,
      135372,
      615,
      26587,
      33410
    ]
  }
}