{
  "C17": {
    "classes": [
      0,
      1,
      2,
      3
    ],
    "n_tr_invalid": 22165,
    "n_te_invalid": 745774,
    "tr_prev": [
      0.4166666666666667,
      0.2601626016260163,
      0.07520325203252033,
      0.24796747967479674
    ],
    "te_prev": [
      0.48437632075737513,
      0.2921303992561494,
      0.06866529542700966,
      0.15482798455946578
    ],
    "tr_counts": [
      410,
      256,
      74,
      244
    ],
    "te_counts": [
      17191,
      10368,
      2437,
      5495
    ]
  },
  "C18": {
    "classes": [
      0,
      1,
      2
    ],
    "n_tr_invalid": 21776,
    "n_te_invalid": 732512,
    "tr_prev": [
      0.8171886380189366,
      0.08667152221412965,
      0.09613983976693372
    ],
    "te_prev": [
      0.8143088630443255,
      0.08095912046438168,
      0.10473201649129284
    ],
    "tr_counts": [
      1122,
      119,
      132
    ],
    "te_counts": [
      39700,
      3947,
      5106
    ]
  },
  "C31": {
    "classes": [
      0,
      1,
      2
    ],
    "n_tr_invalid": 22778,
    "n_te_invalid": 770822,
    "tr_prev": [
      0.40700808625336926,
      0.48517520215633425,
      0.1078167115902965
    ],
    "te_prev": [
      0.33946184046729866,
      0.5617159819975103,
      0.09882217753519104
    ],
    "tr_counts": [
      151,
      180,
      40
    ],
    "te_counts": [
      3545,
      5866,
      1032
    ]
  },
  "CCAT": {
    "classes": [
      0,
      1,
      2,
      3,
      4,
      5,
      6,
      7,
      8,
      9,
      10,
      11,
      12,
      13,
      14,
      15,
      16,
      17
    ],
    "n_tr_invalid": 14759,
    "n_te_invalid": 498528,
    "tr_prev": [
      0.026102502979737784,
      0.024791418355184745,
      0.031227651966626937,
      0.005601907032181168,
      0.4443384982121573,
      0.0014302741358760429,
      0.08963051251489869,
      0.11323003575685339,
      0.03837902264600715,
      0.012514898688915376,
      0.0028605482717520858,
      0.04457687723480334,
      0.06865315852205006,
      0.0019070321811680572,
      0.03194278903456496,
      0.0007151370679380214,
      0.02967818831942789,
      0.032419547079856975
    ],
    "te_prev": [
      0.02499142312467063,
      0.01996201416864436,
      0.03458337607034099,
      0.006787226291571319,
      0.45760901473807813,
      0.001849775586499114,
      0.08874678588228636,
      0.10880783201349664,
      0.03650035191715269,
      0.010083575902694023,
      0.003618203489461938,
      0.04172428794250487,
      0.07412542398058973,
      0.003345865592405663,
      0.029175523543080673,
      0.001046909318553992,
      0.03013754832229245,
      0.026904862115676408
    ],
    "tr_counts": [
      219,
      208,
      262,
      47,
      3728,
      12,
      752,
      950,
      322,
      105,
      24,
      374,
      576,
      16,
      268,
      6,
      249,
      272
    ],
    "te_counts": [
      7066,
      5644,
      9778,
      1919,
      129383,
      523,
      25092,
      30764,
      10320,
      2851,
      1023,
      11797,
      20958,
      946,
      8249,
      296,
      8521,
      7607
    ]
  },
  "E14": {
    "classes": [
      0,
      1,
      2
    ],
    "n_tr_invalid": 23097,
    "n_te_invalid": 779601,
    "tr_prev": [
      0.21153846153846154,
      0.15384615384615385,
      0.6346153846153846
    ],
    "te_prev": [
      0.20432692307692307,
      0.10997596153846154,
      0.6856971153846154
    ],
    "tr_counts": [
      11,
      8,
      33
    ],
    "te_counts": [
      340,
      183,
      1141
    ]
  },
  "E31": {
    "classes": [
      0,
      1,
      2
    ],
    "n_tr_invalid": 23103,
    "n_te_invalid": 779527,
    "tr_prev": [
      0.9347826086956522,
      0.0,
      0.06521739130434782
    ],
    "te_prev": [
      0.9309551208285386,
      0.01380897583429229,
      0.05523590333716916
    ],
    "tr_counts": [
      43,
      0,
      3
    ],
    "te_counts": [
      1618,
      24,
      96
    ]
  },
  "E51": {
    "classes": [
      0,
      1,
      2
    ],
    "n_tr_invalid": 22623,
    "n_te_invalid": 765112,
    "tr_prev": [
      0.16539923954372623,
      0.7357414448669202,
      0.09885931558935361
    ],
    "te_prev": [
      0.140716894694484,
      0.7237664830062527,
      0.13551662229926328
    ],
    "tr_counts": [
      87,
      387,
      52
    ],
    "te_counts": [
      2273,
      11691,
      2189
    ]
  },
  "ECAT": {
    "classes": [
      0,
      1,
      2,
      3,
      4,
      5,
      6,
      7,
      8,
      9
    ],
    "n_tr_invalid": 20039,
    "n_te_invalid": 677898,
    "tr_prev": [
      0.057234726688102894,
      0.16334405144694533,
      0.03762057877813505,
      0.012540192926045015,
      0.3578778135048232,
      0.014790996784565916,
      0.12443729903536978,
      0.17813504823151124,
      0.004180064308681672,
      0.04983922829581994
    ],
    "te_prev": [
      0.04428879623090542,
      0.17776466377083594,
      0.043418112163456424,
      0.012963518337573888,
      0.35439743825398823,
      0.01608830671297416,
      0.13580736598721063,
      0.16432710632987316,
      0.0032989251888900714,
      0.04764576702429209
    ],
    "tr_counts": [
      178,
      508,
      117,
      39,
      1113,
      46,
      387,
      554,
      13,
      155
    ],
    "te_counts": [
      4578,
      18375,
      4488,
      1340,
      36633,
      1663,
      14038,
      16986,
      341,
      4925
    ]
  },
  "G15": {
    "classes": [
      0,
      1,
      2,
      3,
      4,
      5,
      6,
      7,
      8
    ],
    "n_tr_invalid": 22929,
    "n_te_invalid": 767651,
    "tr_prev": [
      0.00909090909090909,
      0.05454545454545454,
      0.21363636363636362,
      0.38181818181818183,
      0.04090909090909091,
      0.00909090909090909,
      0.15454545454545454,
      0.12727272727272726,
      0.00909090909090909
    ],
    "te_prev": [
      0.013735860143969443,
      0.07646540326134861,
      0.12626707800793302,
      0.3569120023505215,
      0.07117672983693257,
      0.009255178492728075,
      0.10055824886146614,
      0.24291170853533128,
      0.002717790509769355
    ],
    "tr_counts": [
      2,
      12,
      47,
      84,
      9,
      2,
      34,
      28,
      2
    ],
    "te_counts": [
      187,
      1041,
      1719,
      4859,
      969,
      126,
      1369,
      3307,
      37
    ]
  },
  "GCAT": {
    "classes": [
      0,
      1,
      2,
      3,
      4,
      5,
      6,
      7,
      8,
      9,
      10,
      11,
      12,
      13,
      14,
      15,
      16,
      17,
      18,
      19,
      21,
      22
    ],
    "n_tr_invalid": 18915,
    "n_te_invalid": 641030,
    "tr_prev": [
      0.0682569674067076,
      0.15139348134152103,
      0.011809163911195087,
      0.10132262635805385,
      0.03424657534246575,
      0.015588096362777516,
      0.01653282947567312,
      0.0004723665564478035,
      0.020075578649031648,
      0.08148323098724611,
      0.0,
      0.0,
      0.011572980632971186,
      0.12730278696268305,
      0.014643363249881908,
      0.0007085498346717053,
      0.0033065658951346244,
      0.21209258384506377,
      0.0030703826169107226,
      0.10226735947094946,
      0.02054794520547945,
      0.0033065658951346244
    ],